"pertanyaan","jawaban"
"Apa saja layanan BPS?","🏢 *LAYANAN RESMI BPS KABUPATEN BANGKA*<br><br>1. *Pelayanan Statistik Terpadu (PST):* Permintaan data & konsultasi statistik bagi masyarakat, mahasiswa/peneliti, dan instansi pemerintah.<br>2. *Publikasi Statistik:* Akses buku statistik & Berita Resmi Statistik (BRS) melalui portal bangkakab.bps.go.id.<br>3. *Rekomendasi Kegiatan Statistik:* Evaluasi rancangan survei (ROMANTIK).<br>4. *Konsultasi Statistik Sektoral:* Bimbingan teknis statistik bagi OPD / instansi pemerintah daerah.<br><br>💡 Untuk konsultasi langsung, silakan ketik *10* atau ketik *petugas*."
"Hubungi Petugas PST BPS","🏛️ *LAYANAN KONSULTASI STATISTIK TERPADU (PST)*<br>*Badan Pusat Statistik Kabupaten Bangka*<br>━━━━━━━━━━━━━━━━━━━━━━━━━━━━<br><br>🏢 *Alamat Kantor:*<br>Jl. Ahmad Yani Jalur Dua, Sungailiat, Kab. Bangka<br><br>⏰ *Jam Layanan:*<br>Senin – Jumat (08.00 – 15.30 WIB)<br><br>📞 *Kontak Resmi Petugas:*<br>• *Telepon / Fax:* (0812) 34567890<br>• *WhatsApp PST:* https://wa.me/6281234567890<br>• *Email:* bps1901@bps.go.id<br>• *Website Resmi:* http://bangkakab.bps.go.id<br><br>━━━━━━━━━━━━━━━━━━━━━━━━━━━━<br>💡 _Silakan hubungi kontak di atas pada jam kerja untuk dilayani oleh petugas kami._"
"Jumlah Penduduk Kabupaten Bangka","📊 *DATA RESMI: JUMLAH PENDUDUK KABUPATEN BANGKA*<br>━━━━━━━━━━━━━━━━━━━━━━━━━━━━<br>• *Tahun 2025 (Jumlah Penduduk):* *1.346.069 Jiwa* _(Proyeksi SP2020 Resmi [Dikonfirmasi Valid] - Data riil terverifikasi sesuai hasil pendataan lapangan resmi BPS)_<br>• *Tahun 2025 (Jumlah Penduduk):* *320.500 Jiwa* _(DEMO / SAMPLE DATA)_<br>• *Tahun 2024 (Jumlah Penduduk):* *341.069 Jiwa* _(Proyeksi SP2020)_<br>• *Tahun 2024 (Jumlah Penduduk):* *315.400 Jiwa* _(DEMO / SAMPLE DATA)_<br>• *Tahun 2023 (Jumlah Penduduk):* *336.069 Jiwa* _(Proyeksi SP2020)_<br>• *Tahun 2023 (Jumlah Penduduk):* *310.100 Jiwa* _(DEMO / SAMPLE DATA)_<br>• *Tahun 2022 (Jumlah Penduduk):* *331.165 Jiwa* _(Proyeksi SP2020)_<br>• *Tahun 2022 (Jumlah Penduduk):* *306.200 Jiwa* _(DEMO / SAMPLE DATA)_<br>• *Tahun 2021 (Jumlah Penduduk):* *326.265 Jiwa* _(Hasil SP2020)_<br>• *Tahun 2021 (Jumlah Penduduk):* *300.200 Jiwa* _(DEMO / SAMPLE DATA)_<br>• *Tahun 2020 (Jumlah Penduduk):* *297.100 Jiwa* _(DEMO / SAMPLE DATA)_<br><br>📁 *Kategori:* Jumlah Penduduk<br>🏢 *Sumber Data:* BPS Kabupaten Bangka<br>💡 _Data resmi ini terupdate secara real-time dari Katalog SAPA BPS 1901._"
"Jumlah Penduduk","📊 *DATA RESMI: JUMLAH PENDUDUK KABUPATEN BANGKA*<br>━━━━━━━━━━━━━━━━━━━━━━━━━━━━<br>• *Tahun 2025 (Jumlah Penduduk):* *1.346.069 Jiwa* _(Proyeksi SP2020 Resmi [Dikonfirmasi Valid] - Data riil terverifikasi sesuai hasil pendataan lapangan resmi BPS)_<br>• *Tahun 2025 (Jumlah Penduduk):* *320.500 Jiwa* _(DEMO / SAMPLE DATA)_<br>• *Tahun 2024 (Jumlah Penduduk):* *341.069 Jiwa* _(Proyeksi SP2020)_<br>• *Tahun 2024 (Jumlah Penduduk):* *315.400 Jiwa* _(DEMO / SAMPLE DATA)_<br>• *Tahun 2023 (Jumlah Penduduk):* *336.069 Jiwa* _(Proyeksi SP2020)_<br>• *Tahun 2023 (Jumlah Penduduk):* *310.100 Jiwa* _(DEMO / SAMPLE DATA)_<br>• *Tahun 2022 (Jumlah Penduduk):* *331.165 Jiwa* _(Proyeksi SP2020)_<br>• *Tahun 2022 (Jumlah Penduduk):* *306.200 Jiwa* _(DEMO / SAMPLE DATA)_<br>• *Tahun 2021 (Jumlah Penduduk):* *326.265 Jiwa* _(Hasil SP2020)_<br>• *Tahun 2021 (Jumlah Penduduk):* *300.200 Jiwa* _(DEMO / SAMPLE DATA)_<br>• *Tahun 2020 (Jumlah Penduduk):* *297.100 Jiwa* _(DEMO / SAMPLE DATA)_<br><br>📁 *Kategori:* Jumlah Penduduk<br>🏢 *Sumber Data:* BPS Kabupaten Bangka<br>💡 _Data resmi ini terupdate secara real-time dari Katalog SAPA BPS 1901._"
"Data Kemiskinan Kabupaten Bangka","📊 *DATA RESMI: DATA KEMISKINAN KABUPATEN BANGKA*<br>━━━━━━━━━━━━━━━━━━━━━━━━━━━━<br>• *Tahun 2025 (Persentase Kemiskinan):* *4,71 %* _(P1: 0.51 | P2: 0.09 | Miskin: 16.58 rb)_<br>• *Tahun 2024 (Persentase Kemiskinan):* *4,24 %* _(P1: 0.62 | P2: 0.14)_<br>• *Tahun 2023 (Persentase Kemiskinan):* *4,32 %* _(P1: 0.35 | P2: 0.04)_<br>• *Tahun 2022 (Persentase Kemiskinan):* *4,26 %* _(P1: 0.67 | P2: 0.15)_<br><br>📁 *Kategori:* Data Kemiskinan<br>🏢 *Sumber Data:* BPS Kabupaten Bangka<br>💡 _Data resmi ini terupdate secara real-time dari Katalog SAPA BPS 1901._"
"Data Kemiskinan","📊 *DATA RESMI: PERSENTASE PENDUDUK MISKIN KABUPATEN BANGKA*<br>━━━━━━━━━━━━━━━━━━━━━━━━━━━━<br>• *Tahun 2025 (Persentase Kemiskinan):* *4,71 %* _(P1: 0.51 | P2: 0.09 | Miskin: 16.58 rb)_<br>• *Tahun 2025 (Persentase Penduduk Miskin):* *4,28 Persen (%)* _(DEMO / SAMPLE DATA)_<br>• *Tahun 2024 (Persentase Kemiskinan):* *4,24 %* _(P1: 0.62 | P2: 0.14)_<br>• *Tahun 2024 (Persentase Penduduk Miskin):* *4,41 Persen (%)* _(DEMO / SAMPLE DATA)_<br>• *Tahun 2023 (Persentase Kemiskinan):* *4,32 %* _(P1: 0.35 | P2: 0.04)_<br>• *Tahun 2023 (Persentase Penduduk Miskin):* *4,55 Persen (%)* _(DEMO / SAMPLE DATA)_<br>• *Tahun 2022 (Persentase Kemiskinan):* *4,26 %* _(P1: 0.67 | P2: 0.15)_<br>• *Tahun 2022 (Persentase Penduduk Miskin):* *4,72 Persen (%)* _(DEMO / SAMPLE DATA)_<br>• *Tahun 2021 (Persentase Penduduk Miskin):* *4,98 Persen (%)* _(DEMO / SAMPLE DATA)_<br>• *Tahun 2020 (Persentase Penduduk Miskin):* *5,04 Persen (%)* _(DEMO / SAMPLE DATA)_<br><br>📁 *Kategori:* Data Kemiskinan<br>🏢 *Sumber Data:* BPS Kabupaten Bangka<br>💡 _Data resmi ini terupdate secara real-time dari Katalog SAPA BPS 1901._"
"Laju Pertumbuhan Ekonomi Kabupaten Bangka","📊 *DATA RESMI: LAJU PERTUMBUHAN EKONOMI KABUPATEN BANGKA*<br>━━━━━━━━━━━━━━━━━━━━━━━━━━━━<br>• *Tahun 2025 (Pertumbuhan Ekonomi (Tahunan)):* *5,19 %* _(y-on-y Triwulan III)_<br>• *Tahun 2025 (Pertumbuhan Ekonomi):* *5,15 Persen (%)* _(DEMO / SAMPLE DATA)_<br>• *Tahun 2024 (Pertumbuhan Ekonomi (Tahunan)):* *-0,44 %* _(Angka Sangat Sementara)_<br>• *Tahun 2024 (Pertumbuhan Ekonomi):* *5,01 Persen (%)* _(DEMO / SAMPLE DATA)_<br>• *Tahun 2023 (Pertumbuhan Ekonomi (Tahunan)):* *4,42 %* _(Angka Sementara)_<br>• *Tahun 2023 (Pertumbuhan Ekonomi):* *4,78 Persen (%)* _(DEMO / SAMPLE DATA)_<br>• *Tahun 2022 (Pertumbuhan Ekonomi (Tahunan)):* *4,86 %* _(Realisasi)_<br>• *Tahun 2022 (Pertumbuhan Ekonomi):* *4,52 Persen (%)* _(DEMO / SAMPLE DATA)_<br>• *Tahun 2021 (Pertumbuhan Ekonomi (Tahunan)):* *7,46 %* _(Realisasi)_<br>• *Tahun 2021 (Pertumbuhan Ekonomi):* *3,84 Persen (%)* _(DEMO / SAMPLE DATA)_<br>• *Tahun 2020 (Pertumbuhan Ekonomi):* *-2,31 Persen (%)* _(DEMO / SAMPLE DATA)_<br><br>📁 *Kategori:* Pertumbuhan Ekonomi<br>🏢 *Sumber Data:* BPS Kabupaten Bangka<br>💡 _Data resmi ini terupdate secara real-time dari Katalog SAPA BPS 1901._"
"Pertumbuhan Ekonomi","📊 *DATA RESMI: PERTUMBUHAN EKONOMI TRIWULANAN LAPANGAN USAHA*<br>━━━━━━━━━━━━━━━━━━━━━━━━━━━━<br>• *Tahun 2025-Q3 (Pertumbuhan Ekonomi Triwulanan):* *4,96 %* _(Angka Sementara BPS)_<br>• *Tahun 2025-Q3 (Pertumbuhan Ekonomi Triwulanan):* *4,96 Persen (%)* _(DEMO / SAMPLE DATA)_<br>• *Tahun 2025-Q2 (Pertumbuhan Ekonomi Triwulanan):* *5,12 %* _(Angka Sementara BPS)_<br>• *Tahun 2025-Q2 (Pertumbuhan Ekonomi Triwulanan):* *5,12 Persen (%)* _(DEMO / SAMPLE DATA)_<br>• *Tahun 2025-Q1 (Pertumbuhan Ekonomi Triwulanan):* *4,85 %* _(Angka Sementara BPS)_<br>• *Tahun 2025-Q1 (Pertumbuhan Ekonomi Triwulanan):* *4,85 Persen (%)* _(DEMO / SAMPLE DATA)_<br><br>📁 *Kategori:* Pertumbuhan Ekonomi<br>🏢 *Sumber Data:* BPS Kabupaten Bangka<br>💡 _Data resmi ini terupdate secara real-time dari Katalog SAPA BPS 1901._"
"Pertumbuhan Ekonomi Triwulanan Lapangan Usaha","📊 *DATA RESMI: PERTUMBUHAN EKONOMI TRIWULANAN LAPANGAN USAHA*<br>━━━━━━━━━━━━━━━━━━━━━━━━━━━━<br>• *Tahun 2025-Q3 (Pertumbuhan Ekonomi Triwulanan):* *4,96 %* _(Angka Sementara BPS)_<br>• *Tahun 2025-Q3 (Pertumbuhan Ekonomi Triwulanan):* *4,96 Persen (%)* _(DEMO / SAMPLE DATA)_<br>• *Tahun 2025-Q2 (Pertumbuhan Ekonomi Triwulanan):* *5,12 %* _(Angka Sementara BPS)_<br>• *Tahun 2025-Q2 (Pertumbuhan Ekonomi Triwulanan):* *5,12 Persen (%)* _(DEMO / SAMPLE DATA)_<br>• *Tahun 2025-Q1 (Pertumbuhan Ekonomi Triwulanan):* *4,85 %* _(Angka Sementara BPS)_<br>• *Tahun 2025-Q1 (Pertumbuhan Ekonomi Triwulanan):* *4,85 Persen (%)* _(DEMO / SAMPLE DATA)_<br><br>📁 *Kategori:* Pertumbuhan Ekonomi<br>🏢 *Sumber Data:* BPS Kabupaten Bangka<br>💡 _Data resmi ini terupdate secara real-time dari Katalog SAPA BPS 1901._"
"Indeks Pembangunan Manusia (IPM) Kabupaten Bangka","📊 *DATA RESMI: INDEKS PEMBANGUNAN MANUSIA (IPM) KABUPATEN BANGKA*<br>━━━━━━━━━━━━━━━━━━━━━━━━━━━━<br>• *Tahun 2025 (IPM):* *75,38 Indeks* _(Naik 0.96% | UHH: 73.56)_<br>• *Tahun 2024 (IPM):* *74,66 Indeks* _(UHH: 73.24 | RLS: 8.45)_<br>• *Tahun 2023 (IPM):* *74,34 Indeks* _(UHH: 73.03 | RLS: 8.32)_<br>• *Tahun 2022 (IPM):* *73,62 Indeks* _(Kategori Tinggi)_<br>• *Tahun 2021 (IPM):* *73,13 Indeks* _(Kategori Tinggi)_<br><br>📁 *Kategori:* Indeks Pembangunan Manusia (IPM)<br>🏢 *Sumber Data:* BPS Kabupaten Bangka<br>💡 _Data resmi ini terupdate secara real-time dari Katalog SAPA BPS 1901._"
"Indeks Pembangunan Manusia (IPM)","📊 *DATA RESMI: INDEKS PEMBANGUNAN MANUSIA (IPM) KABUPATEN BANGKA*<br>━━━━━━━━━━━━━━━━━━━━━━━━━━━━<br>• *Tahun 2025 (IPM):* *75,38 Indeks* _(Naik 0.96% | UHH: 73.56)_<br>• *Tahun 2024 (IPM):* *74,66 Indeks* _(UHH: 73.24 | RLS: 8.45)_<br>• *Tahun 2023 (IPM):* *74,34 Indeks* _(UHH: 73.03 | RLS: 8.32)_<br>• *Tahun 2022 (IPM):* *73,62 Indeks* _(Kategori Tinggi)_<br>• *Tahun 2021 (IPM):* *73,13 Indeks* _(Kategori Tinggi)_<br><br>📁 *Kategori:* Indeks Pembangunan Manusia (IPM)<br>🏢 *Sumber Data:* BPS Kabupaten Bangka<br>💡 _Data resmi ini terupdate secara real-time dari Katalog SAPA BPS 1901._"
"Tingkat Pengangguran Terbuka (TPT) Kab. Bangka","📊 *DATA RESMI: TINGKAT PENGANGGURAN TERBUKA (TPT) KAB. BANGKA*<br>━━━━━━━━━━━━━━━━━━━━━━━━━━━━<br>• *Tahun 2025 (Tingkat Pengangguran Terbuka):* *4,75 %* _(TPAK 67.93% (Tren Menurun))_<br>• *Tahun 2024 (Tingkat Pengangguran Terbuka):* *4,91 %* _(TPAK 67.92%)_<br>• *Tahun 2023 (Tingkat Pengangguran Terbuka):* *5,03 %* _(TPAK 67.46%)_<br>• *Tahun 2022 (Tingkat Pengangguran Terbuka):* *5,39 %* _(TPAK 68.81%)_<br>• *Tahun 2021 (Tingkat Pengangguran Terbuka):* *5,97 %* _(TPAK 62.68%)_<br><br>📁 *Kategori:* Tenaga Kerja<br>🏢 *Sumber Data:* BPS Kabupaten Bangka<br>💡 _Data resmi ini terupdate secara real-time dari Katalog SAPA BPS 1901._"
"Tenaga Kerja","📊 *DATA RESMI: TINGKAT PENGANGGURAN TERBUKA (TPT) KAB. BANGKA*<br>━━━━━━━━━━━━━━━━━━━━━━━━━━━━<br>• *Tahun 2025 (Tingkat Pengangguran Terbuka):* *4,75 %* _(TPAK 67.93% (Tren Menurun))_<br>• *Tahun 2024 (Tingkat Pengangguran Terbuka):* *4,91 %* _(TPAK 67.92%)_<br>• *Tahun 2023 (Tingkat Pengangguran Terbuka):* *5,03 %* _(TPAK 67.46%)_<br>• *Tahun 2022 (Tingkat Pengangguran Terbuka):* *5,39 %* _(TPAK 68.81%)_<br>• *Tahun 2021 (Tingkat Pengangguran Terbuka):* *5,97 %* _(TPAK 62.68%)_<br><br>📁 *Kategori:* Tenaga Kerja<br>🏢 *Sumber Data:* BPS Kabupaten Bangka<br>💡 _Data resmi ini terupdate secara real-time dari Katalog SAPA BPS 1901._"
"Produk Domestik Regional Bruto (PDRB) ADHB & ADHK","📊 *DATA RESMI: PRODUK DOMESTIK REGIONAL BRUTO (PDRB) ADHB & ADHK*<br>━━━━━━━━━━━━━━━━━━━━━━━━━━━━<br>• *Tahun 2024 (PDRB ADHB):* *20.003,49 Miliar Rp* _(ADHK: 11.702,39 M)_<br>• *Tahun 2023 (PDRB ADHB):* *19.279,6 Miliar Rp* _(ADHK: 11.753,74 M)_<br>• *Tahun 2022 (PDRB ADHB):* *17.956,28 Miliar Rp* _(ADHK: 11.255,79 M)_<br>• *Tahun 2021 (PDRB ADHB):* *16.166,01 Miliar Rp* _(ADHK: 10.733,86 M)_<br><br>📁 *Kategori:* Produk Domestik Regional Bruto (PDRB)<br>🏢 *Sumber Data:* BPS Kabupaten Bangka<br>💡 _Data resmi ini terupdate secara real-time dari Katalog SAPA BPS 1901._"
"Produk Domestik Regional Bruto (PDRB)","📊 *DATA RESMI: PDRB ATAS DASAR HARGA BERLAKU KABUPATEN BANGKA*<br>━━━━━━━━━━━━━━━━━━━━━━━━━━━━<br>• *Tahun 2025 (PDRB Atas Dasar Harga Berlaku):* *24.520,1 Miliar Rupiah* _(DEMO / SAMPLE DATA)_<br>• *Tahun 2024 (PDRB ADHB):* *20.003,49 Miliar Rp* _(ADHK: 11.702,39 M)_<br>• *Tahun 2024 (PDRB Atas Dasar Harga Berlaku):* *23.150,8 Miliar Rupiah* _(DEMO / SAMPLE DATA)_<br>• *Tahun 2023 (PDRB ADHB):* *19.279,6 Miliar Rp* _(ADHK: 11.753,74 M)_<br>• *Tahun 2023 (PDRB Atas Dasar Harga Berlaku):* *21.890,2 Miliar Rupiah* _(DEMO / SAMPLE DATA)_<br>• *Tahun 2022 (PDRB ADHB):* *17.956,28 Miliar Rp* _(ADHK: 11.255,79 M)_<br>• *Tahun 2022 (PDRB Atas Dasar Harga Berlaku):* *20.534,7 Miliar Rupiah* _(DEMO / SAMPLE DATA)_<br>• *Tahun 2021 (PDRB ADHB):* *16.166,01 Miliar Rp* _(ADHK: 10.733,86 M)_<br>• *Tahun 2021 (PDRB Atas Dasar Harga Berlaku):* *19.102,3 Miliar Rupiah* _(DEMO / SAMPLE DATA)_<br>• *Tahun 2020 (PDRB Atas Dasar Harga Berlaku):* *18.245,5 Miliar Rupiah* _(DEMO / SAMPLE DATA)_<br><br>📁 *Kategori:* Produk Domestik Regional Bruto (PDRB)<br>🏢 *Sumber Data:* BPS Kabupaten Bangka<br>💡 _Data resmi ini terupdate secara real-time dari Katalog SAPA BPS 1901._"
"Indeks Pembangunan Gender (IPG) Kabupaten Bangka","📊 *DATA RESMI: INDEKS PEMBANGUNAN GENDER (IPG) KABUPATEN BANGKA*<br>━━━━━━━━━━━━━━━━━━━━━━━━━━━━<br>• *Tahun 2025 (Indeks Pembangunan Gender):* *89,36 Indeks* _(Naik dari 2024)_<br>• *Tahun 2024 (Indeks Pembangunan Gender):* *89,07 Indeks* _(Realisasi)_<br>• *Tahun 2023 (Indeks Pembangunan Gender):* *89,24 Indeks* _(Realisasi)_<br>• *Tahun 2022 (Indeks Pembangunan Gender):* *88,84 Indeks* _(Realisasi)_<br>• *Tahun 2021 (Indeks Pembangunan Gender):* *88,36 Indeks* _(Realisasi)_<br>• *Tahun 2020 (Indeks Pembangunan Gender):* *88,48 Indeks* _(Realisasi)_<br><br>📁 *Kategori:* Indeks Pembangunan Gender (IPG)<br>🏢 *Sumber Data:* BPS Kabupaten Bangka<br>💡 _Data resmi ini terupdate secara real-time dari Katalog SAPA BPS 1901._"
"Indeks Pembangunan Gender (IPG)","📊 *DATA RESMI: INDEKS PEMBANGUNAN GENDER (IPG) KABUPATEN BANGKA*<br>━━━━━━━━━━━━━━━━━━━━━━━━━━━━<br>• *Tahun 2025 (Indeks Pembangunan Gender):* *89,36 Indeks* _(Naik dari 2024)_<br>• *Tahun 2024 (Indeks Pembangunan Gender):* *89,07 Indeks* _(Realisasi)_<br>• *Tahun 2023 (Indeks Pembangunan Gender):* *89,24 Indeks* _(Realisasi)_<br>• *Tahun 2022 (Indeks Pembangunan Gender):* *88,84 Indeks* _(Realisasi)_<br>• *Tahun 2021 (Indeks Pembangunan Gender):* *88,36 Indeks* _(Realisasi)_<br>• *Tahun 2020 (Indeks Pembangunan Gender):* *88,48 Indeks* _(Realisasi)_<br><br>📁 *Kategori:* Indeks Pembangunan Gender (IPG)<br>🏢 *Sumber Data:* BPS Kabupaten Bangka<br>💡 _Data resmi ini terupdate secara real-time dari Katalog SAPA BPS 1901._"
"Dimensi Pendidikan: Rata-Rata Lama Sekolah (RLS)","📊 *DATA RESMI: DIMENSI PENDIDIKAN: RATA-RATA LAMA SEKOLAH (RLS)*<br>━━━━━━━━━━━━━━━━━━━━━━━━━━━━<br>• *Tahun 2025 (Rata-Rata Lama Sekolah (RLS)):* *8,77 Tahun* _(HLS: 13.13)_<br>• *Tahun 2024 (Rata-Rata Lama Sekolah (RLS)):* *8,45 Tahun* _(HLS: 13.12)_<br>• *Tahun 2023 (Rata-Rata Lama Sekolah (RLS)):* *8,32 Tahun* _(HLS: 13.11)_<br>• *Tahun 2022 (Rata-Rata Lama Sekolah (RLS)):* *8,27 Tahun* _(HLS: 12.80)_<br>• *Tahun 2021 (Rata-Rata Lama Sekolah (RLS)):* *8,25 Tahun* _(HLS: 12.78)_<br><br>📁 *Kategori:* Dimensi Pendidikan (RLS & HLS)<br>🏢 *Sumber Data:* BPS Kabupaten Bangka<br>💡 _Data resmi ini terupdate secara real-time dari Katalog SAPA BPS 1901._"
"Dimensi Pendidikan (RLS & HLS)","📊 *DATA RESMI: DIMENSI PENDIDIKAN: RATA-RATA LAMA SEKOLAH (RLS)*<br>━━━━━━━━━━━━━━━━━━━━━━━━━━━━<br>• *Tahun 2025 (Rata-Rata Lama Sekolah (RLS)):* *8,77 Tahun* _(HLS: 13.13)_<br>• *Tahun 2024 (Rata-Rata Lama Sekolah (RLS)):* *8,45 Tahun* _(HLS: 13.12)_<br>• *Tahun 2023 (Rata-Rata Lama Sekolah (RLS)):* *8,32 Tahun* _(HLS: 13.11)_<br>• *Tahun 2022 (Rata-Rata Lama Sekolah (RLS)):* *8,27 Tahun* _(HLS: 12.80)_<br>• *Tahun 2021 (Rata-Rata Lama Sekolah (RLS)):* *8,25 Tahun* _(HLS: 12.78)_<br><br>📁 *Kategori:* Dimensi Pendidikan (RLS & HLS)<br>🏢 *Sumber Data:* BPS Kabupaten Bangka<br>💡 _Data resmi ini terupdate secara real-time dari Katalog SAPA BPS 1901._"
"Sosial Ekonomi","📊 *DATA STATISTIK: SOSIAL EKONOMI*<br>━━━━━━━━━━━━━━━━━━━━━━━━━━━━<br>• *Tahun 2026 (Indikator Uji Coba):* *1.234,56 Unit*<br><br>🏢 *Sumber Data:* BPS Kabupaten Bangka<br>💡 _Data ini disinkronkan secara otomatis dari sistem SAPA BPS 1901._"
"Persentase Penduduk Miskin Kabupaten Bangka","📊 *DATA RESMI: PERSENTASE PENDUDUK MISKIN KABUPATEN BANGKA*<br>━━━━━━━━━━━━━━━━━━━━━━━━━━━━<br>• *Tahun 2025 (Persentase Kemiskinan):* *4,71 %* _(P1: 0.51 | P2: 0.09 | Miskin: 16.58 rb)_<br>• *Tahun 2025 (Persentase Penduduk Miskin):* *4,28 Persen (%)* _(DEMO / SAMPLE DATA)_<br>• *Tahun 2024 (Persentase Kemiskinan):* *4,24 %* _(P1: 0.62 | P2: 0.14)_<br>• *Tahun 2024 (Persentase Penduduk Miskin):* *4,41 Persen (%)* _(DEMO / SAMPLE DATA)_<br>• *Tahun 2023 (Persentase Kemiskinan):* *4,32 %* _(P1: 0.35 | P2: 0.04)_<br>• *Tahun 2023 (Persentase Penduduk Miskin):* *4,55 Persen (%)* _(DEMO / SAMPLE DATA)_<br>• *Tahun 2022 (Persentase Kemiskinan):* *4,26 %* _(P1: 0.67 | P2: 0.15)_<br>• *Tahun 2022 (Persentase Penduduk Miskin):* *4,72 Persen (%)* _(DEMO / SAMPLE DATA)_<br>• *Tahun 2021 (Persentase Penduduk Miskin):* *4,98 Persen (%)* _(DEMO / SAMPLE DATA)_<br>• *Tahun 2020 (Persentase Penduduk Miskin):* *5,04 Persen (%)* _(DEMO / SAMPLE DATA)_<br><br>📁 *Kategori:* Data Kemiskinan<br>🏢 *Sumber Data:* BPS Kabupaten Bangka<br>💡 _Data resmi ini terupdate secara real-time dari Katalog SAPA BPS 1901._"
"PDRB Atas Dasar Harga Berlaku Kabupaten Bangka","📊 *DATA RESMI: PDRB ATAS DASAR HARGA BERLAKU KABUPATEN BANGKA*<br>━━━━━━━━━━━━━━━━━━━━━━━━━━━━<br>• *Tahun 2025 (PDRB Atas Dasar Harga Berlaku):* *24.520,1 Miliar Rupiah* _(DEMO / SAMPLE DATA)_<br>• *Tahun 2024 (PDRB ADHB):* *20.003,49 Miliar Rp* _(ADHK: 11.702,39 M)_<br>• *Tahun 2024 (PDRB Atas Dasar Harga Berlaku):* *23.150,8 Miliar Rupiah* _(DEMO / SAMPLE DATA)_<br>• *Tahun 2023 (PDRB ADHB):* *19.279,6 Miliar Rp* _(ADHK: 11.753,74 M)_<br>• *Tahun 2023 (PDRB Atas Dasar Harga Berlaku):* *21.890,2 Miliar Rupiah* _(DEMO / SAMPLE DATA)_<br>• *Tahun 2022 (PDRB ADHB):* *17.956,28 Miliar Rp* _(ADHK: 11.255,79 M)_<br>• *Tahun 2022 (PDRB Atas Dasar Harga Berlaku):* *20.534,7 Miliar Rupiah* _(DEMO / SAMPLE DATA)_<br>• *Tahun 2021 (PDRB ADHB):* *16.166,01 Miliar Rp* _(ADHK: 10.733,86 M)_<br>• *Tahun 2021 (PDRB Atas Dasar Harga Berlaku):* *19.102,3 Miliar Rupiah* _(DEMO / SAMPLE DATA)_<br>• *Tahun 2020 (PDRB Atas Dasar Harga Berlaku):* *18.245,5 Miliar Rupiah* _(DEMO / SAMPLE DATA)_<br><br>📁 *Kategori:* Produk Domestik Regional Bruto (PDRB)<br>🏢 *Sumber Data:* BPS Kabupaten Bangka<br>💡 _Data resmi ini terupdate secara real-time dari Katalog SAPA BPS 1901._"
"Angka Partisipasi Sekolah Kabupaten Bangka","📊 *DATA RESMI: ANGKA PARTISIPASI SEKOLAH KABUPATEN BANGKA*<br>━━━━━━━━━━━━━━━━━━━━━━━━━━━━<br>• *Tahun 2025 (Rata-Rata Lama Sekolah (RLS)):* *8,77 Tahun* _(HLS: 13.13)_<br>• *Tahun 2024 (Rata-Rata Lama Sekolah (RLS)):* *8,45 Tahun* _(HLS: 13.12)_<br>• *Tahun 2024 (APS SD (7-12 tahun)):* *99,72 Persen (%)* _(DEMO / SAMPLE DATA)_<br>• *Tahun 2024 (APS SMP (13-15 tahun)):* *96,12 Persen (%)* _(DEMO / SAMPLE DATA)_<br>• *Tahun 2023 (Rata-Rata Lama Sekolah (RLS)):* *8,32 Tahun* _(HLS: 13.11)_<br>• *Tahun 2023 (APS SD (7-12 tahun)):* *99,68 Persen (%)* _(DEMO / SAMPLE DATA)_<br>• *Tahun 2023 (APS SMP (13-15 tahun)):* *95,87 Persen (%)* _(DEMO / SAMPLE DATA)_<br>• *Tahun 2022 (Rata-Rata Lama Sekolah (RLS)):* *8,27 Tahun* _(HLS: 12.80)_<br>• *Tahun 2022 (APS SD (7-12 tahun)):* *99,61 Persen (%)* _(DEMO / SAMPLE DATA)_<br>• *Tahun 2022 (APS SMP (13-15 tahun)):* *95,42 Persen (%)* _(DEMO / SAMPLE DATA)_<br>• *Tahun 2021 (Rata-Rata Lama Sekolah (RLS)):* *8,25 Tahun* _(HLS: 12.78)_<br>• *Tahun 2021 (APS SD (7-12 tahun)):* *99,52 Persen (%)* _(DEMO / SAMPLE DATA)_<br>• *Tahun 2021 (APS SMP (13-15 tahun)):* *95,18 Persen (%)* _(DEMO / SAMPLE DATA)_<br><br>📁 *Kategori:* Angka Partisipasi Sekolah<br>🏢 *Sumber Data:* BPS Kabupaten Bangka<br>💡 _Data resmi ini terupdate secara real-time dari Katalog SAPA BPS 1901._"
"Angka Partisipasi Sekolah","📊 *DATA RESMI: ANGKA PARTISIPASI SEKOLAH KABUPATEN BANGKA*<br>━━━━━━━━━━━━━━━━━━━━━━━━━━━━<br>• *Tahun 2025 (Rata-Rata Lama Sekolah (RLS)):* *8,77 Tahun* _(HLS: 13.13)_<br>• *Tahun 2024 (Rata-Rata Lama Sekolah (RLS)):* *8,45 Tahun* _(HLS: 13.12)_<br>• *Tahun 2024 (APS SD (7-12 tahun)):* *99,72 Persen (%)* _(DEMO / SAMPLE DATA)_<br>• *Tahun 2024 (APS SMP (13-15 tahun)):* *96,12 Persen (%)* _(DEMO / SAMPLE DATA)_<br>• *Tahun 2023 (Rata-Rata Lama Sekolah (RLS)):* *8,32 Tahun* _(HLS: 13.11)_<br>• *Tahun 2023 (APS SD (7-12 tahun)):* *99,68 Persen (%)* _(DEMO / SAMPLE DATA)_<br>• *Tahun 2023 (APS SMP (13-15 tahun)):* *95,87 Persen (%)* _(DEMO / SAMPLE DATA)_<br>• *Tahun 2022 (Rata-Rata Lama Sekolah (RLS)):* *8,27 Tahun* _(HLS: 12.80)_<br>• *Tahun 2022 (APS SD (7-12 tahun)):* *99,61 Persen (%)* _(DEMO / SAMPLE DATA)_<br>• *Tahun 2022 (APS SMP (13-15 tahun)):* *95,42 Persen (%)* _(DEMO / SAMPLE DATA)_<br>• *Tahun 2021 (Rata-Rata Lama Sekolah (RLS)):* *8,25 Tahun* _(HLS: 12.78)_<br>• *Tahun 2021 (APS SD (7-12 tahun)):* *99,52 Persen (%)* _(DEMO / SAMPLE DATA)_<br>• *Tahun 2021 (APS SMP (13-15 tahun)):* *95,18 Persen (%)* _(DEMO / SAMPLE DATA)_<br><br>📁 *Kategori:* Angka Partisipasi Sekolah<br>🏢 *Sumber Data:* BPS Kabupaten Bangka<br>💡 _Data resmi ini terupdate secara real-time dari Katalog SAPA BPS 1901._"
"Menu Utama","📋 *MENU UTAMA LAYANAN DATA SAPA BPS*<br>🏛️ *BPS KABUPATEN BANGKA*<br>━━━━━━━━━━━━━━━━━━━━━━━━━━━━<br>Silakan pilih topik informasi statistik resmi BPS Kab. Bangka berikut:<br><br>1. *Jumlah Penduduk*<br>2. *Data Kemiskinan*<br>3. *Pertumbuhan Ekonomi*<br>4. *Produk Domestik Regional Bruto (PDRB)*<br>5. *Angka Partisipasi Sekolah*<br>6. *Apa saja layanan BPS?*<br>7. *Hubungi Petugas PST BPS*<br>8 <br>9<br>10<br><br>━━━━━━━━━━━━━━━━━━━━━━━━━━━━<br>💡 _Balas dengan angka *1* - *7*, ketik pertanyaan langsung, atau ketik *petugas* untuk konsultasi PST._"